ID,name,quality,structure_group,Ccount,Count_all,nAA_30_180_pae,len,Cpos,N_Cpos,pep,pepCCC,pepCC,pepCXC,pepC,lowest_pae,accs_count
A6NCE7,MP3B2,94.18,STRN,1,1,0,125,-13,113,FLYMVCASQET,,,,FLYMVCASQET,0,1
Q96FH0,BORC8,98.69,HELX,1,1,0,119,-49,71,TVEYACSAVKN,,,,TVEYACSAVKN,0,1
Q96B45,BORC7,98.04,HELX,1,1,0,106,-79,28,EKVTTCGTDVI,,,,EKVTTCGTDVI,0,1
Q96A49,SYAP1,51.89,unstructured,1,1,0,352,-70,283,DAFDACNLNQE,,,,DAFDACNLNQE,0,1
Q16718,NDUA5,85.04,HELX,1,1,0,116,-100,17,VGLAVCNTPHE,,,,VGLAVCNTPHE,0,1
Q15836,VAMP3,96.28,HELX,1,1,0,100,-25,76,YWWKNCKMWAI,,,,YWWKNCKMWAI,0,1
Q69YU5,UQCC6,96.53,HELX,1,1,0,71,-50,22,SLLAMCAGAEV,,,,SLLAMCAGAEV,0,1
Q86UE4,LYRIC,76.26,HELX,1,1,0,582,-508,75,GWAAACAGARK,,,,GWAAACAGARK,0,1
Q7Z4J2,GL6D1,97.8,STRN,1,1,0,276,-60,217,PTSAACIPFGQ,,,,PTSAACIPFGQ,0,1
Q6QNY1,BL1S2,95.1,HELX,1,1,0,142,-102,41,DITELCRDMFS,,,,DITELCRDMFS,0,1
Q9ULZ3,ASC,67.6,HELX,1,1,0,195,-23,173,AWNWTCKDLLL,,,,AWNWTCKDLLL,0,1
Q9UHA4,LTOR3,97.94,STRN,1,1,0,124,-52,73,NKSIICYYNTY,,,,NKSIICYYNTY,0,1
Q9P032,NDUF4,42.91,unstructured,1,1,0,175,-89,87,KAAETCQEPKE,,,,KAAETCQEPKE,0,1
Q9NZZ3,CHMP5,92.97,HELX,1,1,0,219,-200,20,PSLTDCIGTVD,,,,PSLTDCIGTVD,0,1
Q9UQN3,CHM2B,90.48,HELX,1,1,0,213,-156,58,GNKEACKVLAK,,,,GNKEACKVLAK,0,1
Q9Y244,POMP,72.84,unstructured,1,1,0,141,-105,37,RKGFSCVKNEL,,,,RKGFSCVKNEL,0,1
Q9Y3E7,CHMP3,91.61,HELX,1,1,0,222,-163,60,GQKDVCIVLAK,,,,GQKDVCIVLAK,0,1
Q9Y3D6,FIS1,88.86,HELX,1,1,0,152,-112,41,FEYAWCLVRSK,,,,FEYAWCLVRSK,0,1
Q9Y2Y0,AR2BP,62.36,unstructured,1,1,0,163,-15,149,VVTSLCKSSSL,,,,VVTSLCKSSSL,0,1
Q9BV57,MTND,93.29,STRN,1,1,0,179,-110,70,DIITICKDKLP,,,,DIITICKDKLP,0,1
Q9GZY8,MFF,37.02,unstructured,1,1,0,342,-134,209,QQARVCPPHML,,,,QQARVCPPHML,0,1
Q9H299,SH3L3,98.13,STRN,1,1,0,93,-23,71,NGDQYCGDYEL,,,,NGDQYCGDYEL,0,1
Q9NRS6,SNX15,44.01,unstructured,1,1,0,342,-151,192,DLLFNCESTEE,,,,DLLFNCESTEE,0,1
Q9NQA3,WASH6,62.22,unstructured,1,1,0,447,-321,127,KDFPVCVSTKP,,,,KDFPVCVSTKP,0,1
Q9H9H4,VP37B,47.18,HELX,1,1,0,285,-46,240,YPGLQCPPLPP,,,,YPGLQCPPLPP,0,1
Q9H4M9,EHD1,97.53,STRN,1,1,0,534,-397,138,LNRFMCAQLPN,,,,LNRFMCAQLPN,0,1
Q9H4A5,GLP3L,91.77,HELX,1,1,0,285,-216,70,SFWNDCISSGL,,,,SFWNDCISSGL,0,1
Q9HD42,CHM1A,91.06,HELX,1,1,0,196,-153,44,QKNVECARVYA,,,,QKNVECARVYA,0,1
P03923,NU6M,93.83,HELX,1,1,0,174,-135,40,SGVVGCVIILN,,,,SGVVGCVIILN,0,1
P01374,TNFB,50.96,unstructured,1,1,0,205,-193,13,FLPRVCGTTLH,,,,FLPRVCGTTLH,0,1
O95295,SNAPN,91.94,HELX,1,1,0,136,-71,66,LATELCRINED,,,,LATELCRINED,0,1
P08670,VIME,92.56,HELX,1,1,0,466,-139,328,VQSLTCEVDAL,,,,VQSLTCEVDAL,0,1
P19484,TFEB,54.99,BEND,1,1,0,476,-265,212,VTSSSCPADLT,,,,VTSSSCPADLT,0,1
P15954,COX7C,98.44,HELX,1,1,0,63,-22,42,LLAKMCLYFGS,,,,LLAKMCLYFGS,0,1
P14209,CD99,54.17,BEND,1,1,0,185,-32,154,QKKKLCFKENA,,,,QKKKLCFKENA,0,1
P13073,COX41,35.11,unstructured,1,1,0,169,-150,20,ISTSVCVRAHE,,,,ISTSVCVRAHE,0,1
P10176,COX8A,96.57,HELX,1,1,0,69,-23,47,VGLTSCFVTFL,,,,VGLTSCFVTFL,0,1
O95182,NDUA7,94.42,HELX,1,1,0,113,-59,55,SNNYYCTRDGR,,,,SNNYYCTRDGR,0,1
O15173,PGRC2,93.87,unstructured,1,1,0,223,-65,159,GLATFCLDKDA,,,,GLATFCLDKDA,0,1
O14548,COX7R,98.0,HELX,1,1,0,114,-14,101,GGTIYCLIALY,,,,GGTIYCLIALY,0,1
O00461,GOLI4,54.33,unstructured,1,1,0,696,-691,6,MGNGMCSRKQK,,,,MGNGMCSRKQK,0,1
Q14677,EPN4,34.23,unstructured,1,1,0,625,-395,231,DSPERCSDSDE,,,,DSPERCSDSDE,0,1
O43464,HTRA2,34.08,unstructured,1,1,0,458,-388,71,TEPRACLTSGT,,,,TEPRACLTSGT,0,1
O75947,ATP5H,94.03,HELX,1,1,0,161,-61,101,EDVKSCAEWVS,,,,EDVKSCAEWVS,0,1
O75575,RPC9,88.31,HELX,1,1,0,148,-91,58,ISKTPCRHQSP,,,,ISKTPCRHQSP,0,1
O75340,PDCD6,95.82,HELX,1,1,0,191,-37,155,DFIQGCIVLQR,,,,DFIQGCIVLQR,0,1
P19532,TFE3,55.44,BEND,1,1,0,575,-254,322,TVSNSCPAELP,,,,TVSNSCPAELP,0,1
C4AMC7,WASH3,44.43,unstructured,1,1,0,463,-321,143,KDFPVCVSTKP,,,,KDFPVCVSTKP,0,1
P63165,SUMO1,87.42,HELX,1,1,0,101,-50,52,LKESYCQRQGV,,,,LKESYCQRQGV,0,1
P63146,UBE2B,94.83,unstructured,1,1,0,152,-65,88,ADGSICLDILQ,,,,ADGSICLDILQ,0,1
P62942,FKB1A,98.18,STRN,1,1,0,108,-86,23,KRGQTCVVHYT,,,,KRGQTCVVHYT,0,1
P61923,COPZ1,98.68,HELX,1,1,0,177,-82,96,MAVLNCLFDSL,,,,MAVLNCLFDSL,0,1
P61009,SPCS3,92.77,HELX,1,1,0,180,-155,26,ALTFGCFITTA,,,,ALTFGCFITTA,0,1
P60520,GBRL2,98.34,HELX,1,1,0,117,-103,15,SLEHRCVESAK,,,,SLEHRCVESAK,0,1
P78537,BL1S1,98.6,HELX,1,1,0,153,-93,61,ITAATCLTEAL,,,,ITAATCLTEAL,0,1
P84077,ARF1,97.58,unstructured,1,1,0,181,-23,159,YIQATCATSGD,,,,YIQATCATSGD,0,1
P20963,CD3Z,87.2,HELX,1,1,0,164,-133,32,LDPKLCYLLDG,,,,LDPKLCYLLDG,0,1
Q07817,B2CL1,92.64,HELX,1,1,0,233,-83,151,FGGALCVESVD,,,,FGGALCVESVD,0,1
Q06643,TNFC,98.48,STRN,1,1,0,244,-108,137,LYYLYCLVGYR,,,,LYYLYCLVGYR,0,1
P35232,PHB1,90.93,unstructured,1,1,0,272,-204,69,PIIFDCRSRPR,,,,PIIFDCRSRPR,0,1
P25815,S100P,85.44,HELX,1,1,0,95,-11,85,AITSACHKYFE,,,,AITSACHKYFE,0,1
P24539,AT5F1,85.54,HELX,1,1,0,256,-18,239,ETIAKCIADLK,,,,ETIAKCIADLK,0,1
P51572,BAP31,87.22,HELX,1,1,0,246,-224,23,VVLLLCIPFIS,,,,VVLLLCIPFIS,0,1
P36543,VATE1,96.73,STRN,1,1,0,226,-91,136,RMIVRCRKQDF,,,,RMIVRCRKQDF,0,1
P49006,MRP,44.91,unstructured,1,1,0,195,-62,134,GEIGACSDEGT,,,,GEIGACSDEGT,0,1
