ID,name,quality,structure_group,Ccount,Count_all,nAA_35_180_pae,len,Cpos,N_Cpos,pep,pepCCC,pepCC,pepCXC,pepC
A6NCE7,MP3B2,94.18,STRN,1,1,0,125,-13,113,FLYMVCASQET,,,,FLYMVCASQET
C4AMC7,WASH3,44.43,unstructured,1,1,0,463,-321,143,KDFPVCVSTKP,,,,KDFPVCVSTKP
O00461,GOLI4,54.33,unstructured,1,1,0,696,-691,6,MGNGMCSRKQK,,,,MGNGMCSRKQK
O14548,COX7R,98.0,HELX,1,1,0,114,-14,101,GGTIYCLIALY,,,,GGTIYCLIALY
O15173,PGRC2,93.87,unstructured,1,1,0,223,-65,159,GLATFCLDKDA,,,,GLATFCLDKDA
O43464,HTRA2,34.08,unstructured,1,1,0,458,-388,71,TEPRACLTSGT,,,,TEPRACLTSGT
O43819,SCO2,95.6,STRN,1,3,2,266,-152,115,RGRARCKADFR,,,,RGRARCKADFR
O75022,LIRB3,51.5,HELX,1,9,0,631,-622,10,LTALLCLGLSL,,,,LTALLCLGLSL
O75326,SEM7A,48.35,HELX,1,19,0,666,-22,645,LLGHACALAAS,,,,LLGHACALAAS
O75340,PDCD6,95.82,HELX,1,1,0,191,-37,155,DFIQGCIVLQR,,,,DFIQGCIVLQR
O75575,RPC9,88.31,HELX,1,1,0,148,-91,58,ISKTPCRHQSP,,,,ISKTPCRHQSP
O75947,ATP5H,94.03,HELX,1,1,0,161,-61,101,EDVKSCAEWVS,,,,EDVKSCAEWVS
O95182,NDUA7,94.42,HELX,1,1,0,113,-59,55,SNNYYCTRDGR,,,,SNNYYCTRDGR
O95295,SNAPN,91.94,HELX,1,1,0,136,-71,66,LATELCRINED,,,,LATELCRINED
P01374,TNFB,50.96,unstructured,1,1,0,205,-193,13,FLPRVCGTTLH,,,,FLPRVCGTTLH
P03923,NU6M,93.83,HELX,1,1,0,174,-135,40,SGVVGCVIILN,,,,SGVVGCVIILN
P08670,VIME,92.56,HELX,1,1,0,466,-139,328,VQSLTCEVDAL,,,,VQSLTCEVDAL
P10176,COX8A,96.57,HELX,1,1,0,69,-23,47,VGLTSCFVTFL,,,,VGLTSCFVTFL
P13073,COX41,35.11,unstructured,1,1,0,169,-150,20,ISTSVCVRAHE,,,,ISTSVCVRAHE
P13987,CD59,64.15,unstructured,1,11,1,128,-109,20,VLAVFCHSGHS,,,,VLAVFCHSGHS
P14209,CD99,54.17,BEND,1,1,0,185,-32,154,QKKKLCFKENA,,,,QKKKLCFKENA
P15954,COX7C,98.44,HELX,1,1,0,63,-22,42,LLAKMCLYFGS,,,,LLAKMCLYFGS
P19484,TFEB,54.99,BEND,1,1,0,476,-265,212,VTSSSCPADLT,,,,VTSSSCPADLT
P19532,TFE3,55.44,BEND,1,1,0,575,-254,322,TVSNSCPAELP,,,,TVSNSCPAELP
P20963,CD3Z,87.2,HELX,1,1,0,164,-133,32,LDPKLCYLLDG,,,,LDPKLCYLLDG
P24539,AT5F1,85.54,HELX,1,1,0,256,-18,239,ETIAKCIADLK,,,,ETIAKCIADLK
P25815,S100P,85.44,HELX,1,1,0,95,-11,85,AITSACHKYFE,,,,AITSACHKYFE
P35232,PHB1,90.93,unstructured,1,1,0,272,-204,69,PIIFDCRSRPR,,,,PIIFDCRSRPR
P35613,BASI,92.04,HELX,1,7,2,385,-319,67,GPNDTCSQLWD,,,,GPNDTCSQLWD
P36543,VATE1,96.73,STRN,1,1,0,226,-91,136,RMIVRCRKQDF,,,,RMIVRCRKQDF
P40199,CEAM6,35.63,unstructured,1,5,0,344,-336,9,PSAPPCRLHVP,,,,PSAPPCRLHVP
P49006,MRP,44.91,unstructured,1,1,0,195,-62,134,GEIGACSDEGT,,,,GEIGACSDEGT
P51572,BAP31,87.22,HELX,1,1,0,246,-224,23,VVLLLCIPFIS,,,,VVLLLCIPFIS
P60520,GBRL2,98.34,HELX,1,1,0,117,-103,15,SLEHRCVESAK,,,,SLEHRCVESAK
P61009,SPCS3,92.77,HELX,1,1,0,180,-155,26,ALTFGCFITTA,,,,ALTFGCFITTA
P61923,COPZ1,98.68,HELX,1,1,0,177,-82,96,MAVLNCLFDSL,,,,MAVLNCLFDSL
P62942,FKB1A,98.18,STRN,1,1,0,108,-86,23,KRGQTCVVHYT,,,,KRGQTCVVHYT
P63146,UBE2B,94.83,unstructured,1,1,0,152,-65,88,ADGSICLDILQ,,,,ADGSICLDILQ
P63165,SUMO1,87.42,HELX,1,1,0,101,-50,52,LKESYCQRQGV,,,,LKESYCQRQGV
P78537,BL1S1,98.6,HELX,1,1,0,153,-93,61,ITAATCLTEAL,,,,ITAATCLTEAL
P84077,ARF1,97.58,unstructured,1,1,0,181,-23,159,YIQATCATSGD,,,,YIQATCATSGD
Q06643,TNFC,98.48,STRN,1,1,0,244,-108,137,LYYLYCLVGYR,,,,LYYLYCLVGYR
Q07817,B2CL1,92.64,HELX,1,1,0,233,-83,151,FGGALCVESVD,,,,FGGALCVESVD
Q14677,EPN4,34.23,unstructured,1,1,0,625,-395,231,DSPERCSDSDE,,,,DSPERCSDSDE
Q15836,VAMP3,96.28,HELX,1,1,0,100,-25,76,YWWKNCKMWAI,,,,YWWKNCKMWAI
Q15904,VAS1,33.79,TURN,1,3,0,470,-455,16,RMGPRCAQALW,,,,RMGPRCAQALW
Q16718,NDUA5,85.04,HELX,1,1,0,116,-100,17,VGLAVCNTPHE,,,,VGLAVCNTPHE
Q69YU5,UQCC6,96.53,HELX,1,1,0,71,-50,22,SLLAMCAGAEV,,,,SLLAMCAGAEV
Q6QNY1,BL1S2,95.1,HELX,1,1,0,142,-102,41,DITELCRDMFS,,,,DITELCRDMFS
Q7Z4J2,GL6D1,97.8,STRN,1,1,0,276,-60,217,PTSAACIPFGQ,,,,PTSAACIPFGQ
Q86UE4,LYRIC,76.26,HELX,1,1,0,582,-508,75,GWAAACAGARK,,,,GWAAACAGARK
Q8WTT0,CLC4C,93.27,HELX,1,9,0,213,-179,35,LLLSVCFTVSS,,,,LLLSVCFTVSS
Q96A49,SYAP1,51.89,unstructured,1,1,0,352,-70,283,DAFDACNLNQE,,,,DAFDACNLNQE
Q96B45,BORC7,98.04,HELX,1,1,0,106,-79,28,EKVTTCGTDVI,,,,EKVTTCGTDVI
Q96FH0,BORC8,98.69,HELX,1,1,0,119,-49,71,TVEYACSAVKN,,,,TVEYACSAVKN
Q9BV57,MTND,93.29,STRN,1,1,0,179,-110,70,DIITICKDKLP,,,,DIITICKDKLP
Q9GZY8,MFF,37.02,unstructured,1,1,0,342,-134,209,QQARVCPPHML,,,,QQARVCPPHML
Q9H299,SH3L3,98.13,STRN,1,1,0,93,-23,71,NGDQYCGDYEL,,,,NGDQYCGDYEL
Q9H4A5,GLP3L,91.77,HELX,1,1,0,285,-216,70,SFWNDCISSGL,,,,SFWNDCISSGL
Q9H4M9,EHD1,97.53,STRN,1,1,0,534,-397,138,LNRFMCAQLPN,,,,LNRFMCAQLPN
Q9H9H4,VP37B,47.18,HELX,1,1,0,285,-46,240,YPGLQCPPLPP,,,,YPGLQCPPLPP
Q9HD42,CHM1A,91.06,HELX,1,1,0,196,-153,44,QKNVECARVYA,,,,QKNVECARVYA
Q9NQA3,WASH6,62.22,unstructured,1,1,0,447,-321,127,KDFPVCVSTKP,,,,KDFPVCVSTKP
Q9NRS6,SNX15,44.01,unstructured,1,1,0,342,-151,192,DLLFNCESTEE,,,,DLLFNCESTEE
Q9NX63,MIC19,97.92,HELX,1,5,0,227,-116,112,LRERICSEEER,,,,LRERICSEEER
Q9NZZ3,CHMP5,92.97,HELX,1,1,0,219,-200,20,PSLTDCIGTVD,,,,PSLTDCIGTVD
Q9P032,NDUF4,42.91,unstructured,1,1,0,175,-89,87,KAAETCQEPKE,,,,KAAETCQEPKE
Q9UHA4,LTOR3,97.94,STRN,1,1,0,124,-52,73,NKSIICYYNTY,,,,NKSIICYYNTY
Q9ULZ3,ASC,67.6,HELX,1,1,0,195,-23,173,AWNWTCKDLLL,,,,AWNWTCKDLLL
Q9UQN3,CHM2B,90.48,HELX,1,1,0,213,-156,58,GNKEACKVLAK,,,,GNKEACKVLAK
Q9Y244,POMP,72.84,unstructured,1,1,0,141,-105,37,RKGFSCVKNEL,,,,RKGFSCVKNEL
Q9Y2Y0,AR2BP,62.36,unstructured,1,1,0,163,-15,149,VVTSLCKSSSL,,,,VVTSLCKSSSL
Q9Y3D6,FIS1,88.86,HELX,1,1,0,152,-112,41,FEYAWCLVRSK,,,,FEYAWCLVRSK
Q9Y3E7,CHMP3,91.61,HELX,1,1,0,222,-163,60,GQKDVCIVLAK,,,,GQKDVCIVLAK
